"beta_hat","bias","rmse","covered","cindex","ibs","scenario","rep"
0.759325754200878,0.0661785736409328,0.00437960360914837,1,0.716334661354582,NA,"PH",1
0.533742131384996,-0.159405049174949,0.025409969702468,0,0.654291467404984,NA,"PH",2
0.707372407419416,0.0142252268594705,0.0002023570792034,1,0.688071188071188,NA,"PH",3
0.8080211745772,0.114873994017254,0.0131960345014761,1,0.662845994390928,NA,"PH",4
0.698326413938994,0.0051792333790488,2.68244583946532e-05,1,0.67330138837695,NA,"PH",5
0.601880722247517,-0.0912664583124284,0.00832956641289423,1,0.748783374983559,NA,"PH",6
0.713799276108975,0.0206520955490292,0.000426509050566234,1,0.68947628458498,NA,"PH",7
0.719040932660141,0.0258937521001956,0.000670486397826385,1,0.646545273135445,NA,"PH",8
0.663181862490452,-0.0299653180694935,0.000897920287005916,1,0.708535466107251,NA,"PH",9
0.825826517247465,0.13267933668752,0.0176038063838402,1,0.69775075987842,NA,"PH",10
0.624807880253865,-0.0683393003060803,0.00467025996632462,1,0.650185237959533,NA,"PH",11
0.619356102081122,-0.0737910784788233,0.00544512326306785,1,0.636081747709655,NA,"PH",12
0.559598973167433,-0.133548207392512,0.0178351236977535,1,0.721026490066225,NA,"PH",13
0.805962116832966,0.112814936273021,0.0127272098462857,1,0.678525723061172,NA,"PH",14
0.647806790783071,-0.0453403897768738,0.00205575094511884,1,0.652973106340982,NA,"PH",15
0.913896956801164,0.220749776241218,0.048730463710548,0,0.683351035581519,NA,"PH",16
0.684357804474761,-0.00878937608518415,7.72531319668071e-05,1,0.67435313044644,NA,"PH",17
0.883932844284252,0.190785663724307,0.0363991694827244,0,0.671347977433681,NA,"PH",18
0.945797842041928,0.252650661481983,0.0638323567472834,0,0.683039045013678,NA,"PH",19
0.692300079159145,-0.000847101400799799,7.17580783236982e-07,1,0.666221985058698,NA,"PH",20
0.78278008378357,0.0896329032236253,0.00803405734029577,1,0.616011381272633,NA,"PH",21
0.710518968765474,0.0173717882055288,0.000301779025457748,1,0.69239250275634,NA,"PH",22
0.780214394244536,0.087067213684591,0.00758069969879824,1,0.650078165711308,NA,"PH",23
0.68249350752816,-0.0106536730317848,0.000113500749068178,1,0.684461538461538,NA,"PH",24
0.683035979269453,-0.0101112012904924,0.000102236391536854,1,0.726698262243286,NA,"PH",25
0.547151587017662,-0.145995593542284,0.0213147133337637,1,0.595926966292135,NA,"PH",26
0.745230085213913,0.0520829046539681,0.00271262895719434,1,0.67893272635306,NA,"PH",27
0.741883264197354,0.0487360836374084,0.00237520584831247,1,0.685064935064935,NA,"PH",28
0.757737074693728,0.0645898941337827,0.00417185442421326,1,0.639815737051793,NA,"PH",29
0.658746805616932,-0.0344003749430133,0.0011833857962199,1,0.656040047424582,NA,"PH",30
0.7635969240814,0.0704497435214547,0.00496316636223875,1,0.66456610213995,NA,"PH",31
0.661325186146335,-0.0318219944136101,0.00101263932845983,1,0.739699863574352,NA,"PH",32
0.567908482581206,-0.12523869797874,0.0156847314714099,1,0.720811482197074,NA,"PH",33
0.697812394309381,0.00466521374943529,2.17642193279201e-05,1,0.69294028340081,NA,"PH",34
0.719742484514529,0.0265953039545841,0.000707310192436716,1,0.647359242650722,NA,"PH",35
0.784019705556435,0.0908725249964895,0.0082578157992376,1,0.671087533156499,NA,"PH",36
0.672099732605334,-0.0210474479546114,0.000442995065402077,1,0.688414109549756,NA,"PH",37
0.680508990111306,-0.0126381904486395,0.000159723857816081,1,0.713296729529721,NA,"PH",38
0.728827404977784,0.0356802244178385,0.00127307841450732,1,0.691577376915774,NA,"PH",39
0.632887551441948,-0.0602596291179972,0.00363122290143858,1,0.685921958684009,NA,"PH",40
0.658965565158864,-0.0341816154010818,0.00116838283142747,1,0.740306946688207,NA,"PH",41
0.849279307950055,0.15613212739011,0.0243772412033616,1,0.657865937072503,NA,"PH",42
0.607425309252579,-0.085721871307366,0.00734823922043661,1,0.723104975253972,NA,"PH",43
0.715528411836599,0.0223812312766534,0.000500919513459047,1,0.696633941093969,NA,"PH",44
0.776270171052132,0.0831229904921871,0.00690943154836422,1,0.671140011068069,NA,"PH",45
0.622798599733464,-0.0703485808264813,0.00494892282429998,1,0.699684708355229,NA,"PH",46
0.765184096964945,0.0720369164049998,0.00518931732514092,1,0.652838427947598,NA,"PH",47
0.613706675471047,-0.0794405050888982,0.00631079384877926,1,0.662116040955631,NA,"PH",48
0.669389414362835,-0.0237577661971099,0.000564431454676538,1,0.67991381374192,NA,"PH",49
0.754895735642871,0.0617485550829262,0.00381288405482917,1,0.640046147929753,NA,"PH",50
0.524856027608644,-0.168291152951301,0.0283219121616781,0,0.71256038647343,NA,"PH",51
0.53964994976787,-0.153497230792076,0.0235613998608357,0,0.666205560935122,NA,"PH",52
0.750256237617184,0.0571090570572385,0.00326144439796692,1,0.628133704735376,NA,"PH",53
0.739526641045683,0.0463794604857375,0.00215105435494809,1,0.669068736141907,NA,"PH",54
0.797441303551562,0.104294122991617,0.0108772640905905,1,0.67566094303625,NA,"PH",55
0.740740881410807,0.0475937008508619,0.00226516036068133,1,0.659417663404615,NA,"PH",56
0.669296480066366,-0.0238507004935793,0.000568855914034423,1,0.670486737058975,NA,"PH",57
0.701273093572708,0.00812591301276266,6.60304622909856e-05,1,0.624785308495178,NA,"PH",58
0.662644380864749,-0.0305027996951963,0.000930420789245268,1,0.629195088676671,NA,"PH",59
0.552940669671527,-0.140206510888419,0.0196578656955043,1,0.722595963593194,NA,"PH",60
0.629926560468799,-0.063220620091146,0.00399684680470902,1,0.687652373440413,NA,"PH",61
0.764477581389856,0.0713304008299103,0.00508802608255566,1,0.703982639775338,NA,"PH",62
0.765246836633253,0.0720996560733078,0.00519836040588927,1,0.698644421272159,NA,"PH",63
0.698050798568228,0.00490361800828298,2.40454695711572e-05,1,0.688196899646451,NA,"PH",64
0.721284447035122,0.0281372664751763,0.000791705764695082,1,0.683927833631731,NA,"PH",65
0.656758022203362,-0.0363891583565829,0.00132417084590046,1,0.63707879900354,NA,"PH",66
0.822198640331084,0.129051459771138,0.0166542792690618,1,0.608238513610831,NA,"PH",67
0.634657152881494,-0.058490027678451,0.00342108333782597,1,0.679773869346734,NA,"PH",68
0.737228148202504,0.0440809676425586,0.0019431317083043,1,0.712401665895419,NA,"PH",69
0.607724213390429,-0.0854229671695166,0.00729708332004431,1,0.661372453928225,NA,"PH",70
0.708070271687007,0.0149230911270618,0.000222698648786591,1,0.69786441163824,NA,"PH",71
0.615317777591104,-0.0778294029688411,0.00605741596648625,1,0.698841222879684,NA,"PH",72
0.784244025257743,0.0910968446977978,0.00829863511389469,1,0.631977772164688,NA,"PH",73
0.79585413063506,0.102706950075115,0.0105487175937321,1,0.733834143467374,NA,"PH",74
0.717454164125594,0.0243069835656491,0.000590829450060735,1,0.647919463087248,NA,"PH",75
0.655815612651922,-0.0373315679080232,0.00139364596247135,1,0.687099358974359,NA,"PH",76
0.696649457272642,0.00350227671269632,1.22659421722949e-05,1,0.702440819330308,NA,"PH",77
0.748613834057612,0.055466653497667,0.00307654965023025,1,0.68071944094398,NA,"PH",78
0.720569933412094,0.0274227528521482,0.000752007373990004,1,0.656677254522856,NA,"PH",79
0.746335768330162,0.0531885877702168,0.00282902586899006,1,0.69072011878248,NA,"PH",80
0.636705199861623,-0.0564419806983225,0.00318569718514981,1,0.700879380496128,NA,"PH",81
0.61602770114751,-0.0771194794124351,0.00594741410484501,1,0.642729134664619,NA,"PH",82
0.56592273592349,-0.127224444636456,0.0161860593130546,1,0.704476792090085,NA,"PH",83
0.658131958497901,-0.0350152220620442,0.00122606577605427,1,0.610924369747899,NA,"PH",84
0.722407077939063,0.0292598973791176,0.000856141594636493,1,0.657403783431181,NA,"PH",85
0.637729635130394,-0.0554175454295508,0.00307110434143633,1,0.660780078770169,NA,"PH",86
0.659407604954225,-0.0337395756057204,0.00113835896205412,1,0.654464780920688,NA,"PH",87
0.62653948877912,-0.066607691780825,0.00443658460436939,1,0.674810556571727,NA,"PH",88
0.618224716326942,-0.0749224642330035,0.00561337564674569,1,0.735239113010954,NA,"PH",89
0.745831902779374,0.0526847222194284,0.00277567995533834,1,0.648904828999616,NA,"PH",90
0.676918135798696,-0.0162290447612498,0.000263381893862648,1,0.692097415506958,NA,"PH",91
0.663775885338297,-0.029371295221648,0.000862672982997206,1,0.661273621537665,NA,"PH",92
0.871009972110243,0.177862791550298,0.0316351726180647,0,0.652388797364086,NA,"PH",93
0.749516539592946,0.0563693590330011,0.00317750463779138,1,0.717227943222933,NA,"PH",94
0.780297988778231,0.0871508082182854,0.00759526337310035,1,0.682258064516129,NA,"PH",95
0.705356228437014,0.0122090478770686,0.000149060850064552,1,0.714248569942798,NA,"PH",96
0.791995054151488,0.0988478735915431,0.00977090211356969,1,0.585886057829946,NA,"PH",97
0.724095813055666,0.0309486324957209,0.000957817853355191,1,0.702803241663345,NA,"PH",98
0.690857111329011,-0.002290069230934,5.24441708247064e-06,1,0.665687583444593,NA,"PH",99
0.712225349436011,0.0190781688760656,0.000363976527663679,1,0.737404162102957,NA,"PH",100
0.749435441706616,0.0562882611466711,0.00316836834291584,1,0.639350359533846,NA,"PH",101
0.773074335822392,0.0799271552624468,0.00638835014834727,1,0.733644859813084,NA,"PH",102
0.658986420449077,-0.0341607601108679,0.00116695753135226,1,0.65480280335303,NA,"PH",103
0.77692595866385,0.0837787781039043,0.00701888366058324,1,0.626186660091234,NA,"PH",104
0.648761742754635,-0.0443854378053101,0.00197006708916905,1,0.671831314072693,NA,"PH",105
0.712855482550523,0.0197083019905777,0.00038841716735181,1,0.688282001924928,NA,"PH",106
0.548499108537581,-0.144648072022365,0.0209230647397872,1,0.658017298735862,NA,"PH",107
0.698868380807139,0.00572120024719347,3.27321322684866e-05,1,0.712346105166264,NA,"PH",108
0.668229147380174,-0.0249180331797716,0.000620908377548198,1,0.673935351462288,NA,"PH",109
0.681975255682584,-0.0111719248773609,0.000124811905465394,1,0.717803496675696,NA,"PH",110
0.669011060471914,-0.0241361200880311,0.00058255229290386,1,0.662629286880784,NA,"PH",111
0.721964979029246,0.0288177984693007,0.000830465508617227,1,0.635687732342007,NA,"PH",112
0.695950152000058,0.00280297144011321,7.85664889409033e-06,1,0.678342700300614,NA,"PH",113
0.832829436022244,0.139682255462298,0.0195111324910348,1,0.69242053789731,NA,"PH",114
0.785887273322257,0.092740092762312,0.00860072480556223,1,0.716641473134533,NA,"PH",115
0.739059604250229,0.0459124236902836,0.00210795064911611,1,0.709527498063517,NA,"PH",116
0.848813292649609,0.155666112089664,0.0242319384531117,1,0.712932862190813,NA,"PH",117
0.655917562369877,-0.0372296181900683,0.00138604447057827,1,0.709580409566089,NA,"PH",118
0.715819330317365,0.0226721497574195,0.000514026374622857,1,0.661313868613139,NA,"PH",119
0.661688976623199,-0.0314582039367461,0.00098961859492591,1,0.638001314924392,NA,"PH",120
0.714144361136053,0.0209971805761074,0.000440881592145664,1,0.688771568374968,NA,"PH",121
0.780332671143203,0.0871854905832575,0.00760130976824329,1,0.682782242128837,NA,"PH",122
0.659699741504295,-0.0334474390556501,0.00111873117938143,1,0.717607508054349,NA,"PH",123
0.648328185769769,-0.0448189947901767,0.00200874229400189,1,0.630875148947438,NA,"PH",124
0.829723358556265,0.13657617799632,0.0186530523960825,1,0.666265221463937,NA,"PH",125
0.657963208562644,-0.0351839719973012,0.00123791188550687,1,0.619854417670683,NA,"PH",126
0.76318777747034,0.0700405969103942,0.00490568521556432,1,0.596864349011588,NA,"PH",127
0.712356157697845,0.0192089771378996,0.000368984802684349,1,0.692653238661064,NA,"PH",128
0.654148337773516,-0.0389988427864291,0.00152090973868061,1,0.653236176596657,NA,"PH",129
0.54294067291977,-0.150206507640175,0.0225619949374581,0,0.673739187204178,NA,"PH",130
0.762501858307869,0.0693546777479233,0.00481007132551828,1,0.673697749196141,NA,"PH",131
0.666888069444262,-0.0262591111156835,0.000689540916585811,1,0.700615631691649,NA,"PH",132
0.654521023552992,-0.0386261570069536,0.00149198000512583,1,0.721511793123046,NA,"PH",133
0.565894409818568,-0.127252770741377,0.0161932676613574,1,0.660034717585792,NA,"PH",134
0.704144492126585,0.0109973115666395,0.000120940861693743,1,0.635198578860551,NA,"PH",135
0.726189470141553,0.0330422895816082,0.00109179290079485,1,0.605763259222457,NA,"PH",136
0.578708926292557,-0.114438254267388,0.0130961140397674,1,0.659899749373434,NA,"PH",137
0.726966818265481,0.0338196377055361,0.00114376789453372,1,0.674993723324128,NA,"PH",138
0.646357486168853,-0.0467896943910925,0.00218927550121183,1,0.673352435530086,NA,"PH",139
0.768198757889807,0.075051577329862,0.00563273925970026,1,0.693927455508762,NA,"PH",140
0.872202031899001,0.179054851339055,0.0320606397880512,0,0.689328743545611,NA,"PH",141
0.70772803269427,0.0145808521343245,0.000212601248963035,1,0.695560809035986,NA,"PH",142
0.601226331032899,-0.0919208495270462,0.00844944257777386,1,0.663787097673122,NA,"PH",143
0.875760898883997,0.182613718324052,0.0333477701201361,0,0.716165413533835,NA,"PH",144
0.702740697161855,0.00959351660190977,9.20355607911183e-05,1,0.686403195890997,NA,"PH",145
0.786761969050119,0.093614788490174,0.00876372862406002,1,0.66438833868043,NA,"PH",146
0.701026442736728,0.00787926217678281,6.20827724504802e-05,1,0.703896780920109,NA,"PH",147
0.772238176866942,0.0790909963069962,0.00625538569683329,1,0.675862953933017,NA,"PH",148
0.667018981566389,-0.0261281989935559,0.000682682782646855,1,0.635892491261902,NA,"PH",149
0.696710393149133,0.00356321258918813,1.26964839557487e-05,1,0.729974881384315,NA,"PH",150
0.644209417223998,-0.0489377633359471,0.00239490468032517,1,0.662727272727273,NA,"PH",151
0.650760954592167,-0.0423862259677783,0.00179659215179156,1,0.669773635153129,NA,"PH",152
0.676441038243319,-0.0167061423166267,0.000279095191103385,1,0.693747400526827,NA,"PH",153
0.7161560423886,0.0230088618286542,0.000529407722650102,1,0.662314615287109,NA,"PH",154
0.771052654937342,0.0779054743773971,0.00606926293796728,1,0.673450070989115,NA,"PH",155
0.60002617081559,-0.0931210097443549,0.00867152245580824,1,0.649807664909531,NA,"PH",156
0.723807248711296,0.030660068151351,0.00094003977904549,1,0.714399574920298,NA,"PH",157
0.619304180298987,-0.0738430002609585,0.00545278868753991,1,0.702424781007998,NA,"PH",158
0.702000974056144,0.0088537934961983,7.83896592733234e-05,1,0.674891540130152,NA,"PH",159
0.562879839001823,-0.130267341558122,0.0169695802766204,1,0.71830985915493,NA,"PH",160
0.696861409891202,0.00371422933125665,1.37954995251672e-05,1,0.690339354132458,NA,"PH",161
0.842149924292249,0.149002743732303,0.0222018176397545,1,0.660334561950666,NA,"PH",162
0.63865449102717,-0.0544926895327752,0.00296945321251543,1,0.610124669437099,NA,"PH",163
0.729667696655526,0.0365205160955808,0.00133374809588758,1,0.677175963352196,NA,"PH",164
0.741925254112826,0.0487780735528809,0.00237930045953026,1,0.67287199897291,NA,"PH",165
0.643514690616661,-0.0496324899432841,0.00246338405797019,1,0.687645990137555,NA,"PH",166
0.650358658477276,-0.0427885220826689,0.00183085762201905,1,0.692832341269841,NA,"PH",167
0.582489239592566,-0.110657940967379,0.01224517989914,1,0.645300935623516,NA,"PH",168
0.701553415319256,0.00840623475931079,7.0664782828645e-05,1,0.655941221180644,NA,"PH",169
0.809877295983314,0.116730115423369,0.013625919846753,1,0.694861660079051,NA,"PH",170
0.574957144123802,-0.118190036436143,0.0139688847127768,1,0.69428309385509,NA,"PH",171
0.695265212021908,0.00211803146196288,4.4860572738646e-06,1,0.649350649350649,NA,"PH",172
0.763141815509018,0.0699946349490725,0.00489924892165393,1,0.655031916338449,NA,"PH",173
0.698927203557997,0.00578002299805203,3.34086658580103e-05,1,0.705842483394334,NA,"PH",174
0.711282228361,0.0181350478010551,0.000328879958746554,1,0.708601087493821,NA,"PH",175
0.587087126201788,-0.106060054358157,0.0112487351304553,1,0.753938289285249,NA,"PH",176
0.625085368252972,-0.0680618123069731,0.00463241029450963,1,0.688576664630422,NA,"PH",177
0.595574888787378,-0.0975722917725673,0.00952035212175101,1,0.69680196801968,NA,"PH",178
0.718394049962642,0.0252468694026967,0.000637404414636824,1,0.677096857958972,NA,"PH",179
0.807808657728054,0.114661477168108,0.0131472543463727,1,0.733112582781457,NA,"PH",180
0.657390225891755,-0.03575695466819,0.00127855980714299,1,0.672254819782062,NA,"PH",181
0.626011948491267,-0.0671352320686782,0.00450713938491528,1,0.647872753135911,NA,"PH",182
0.700125306187697,0.00697812562775202,4.86942372766895e-05,1,0.662082244533077,NA,"PH",183
0.640220494630839,-0.0529266859291065,0.00280123408343828,1,0.708898494559547,NA,"PH",184
0.575218102117808,-0.117929078442138,0.0139072675422119,1,0.642338291248703,NA,"PH",185
0.663957974044415,-0.0291892065155303,0.000852009777006274,1,0.703135888501742,NA,"PH",186
0.711679347155715,0.0185321665957701,0.000343441198733376,1,0.692028985507246,NA,"PH",187
0.652492966368896,-0.0406542141910496,0.00165276513149174,1,0.679206914082359,NA,"PH",188
0.837910689328845,0.1447635087689,0.0209564734710834,1,0.656330399458362,NA,"PH",189
0.631151338790847,-0.0619958417690984,0.00384348439665909,1,0.686599038974907,NA,"PH",190
0.732969147402782,0.0398219668428369,0.001585789043232,1,0.689435007830382,NA,"PH",191
0.674980332655332,-0.0181668479046138,0.000330034362789369,1,0.667919637070642,NA,"PH",192
0.848537059231935,0.15538987867199,0.0241460143936958,1,0.685408481235605,NA,"PH",193
0.543755956122035,-0.14939122443791,0.022317737939058,0,0.642510775862069,NA,"PH",194
0.646787637442649,-0.0463595431172963,0.00214920723804445,1,0.715227241521351,NA,"PH",195
0.718365900235387,0.025218719675442,0.000635983822068524,1,0.647976539589443,NA,"PH",196
0.713020542835703,0.0198733622757574,0.000394950528143498,1,0.654476516634051,NA,"PH",197
0.746669205976698,0.0535220254167527,0.00286460720471152,1,0.700387645367013,NA,"PH",198
0.775433569575481,0.0822863890155359,0.0067710498172161,1,0.698158301701111,NA,"PH",199
0.611613282969835,-0.0815338975901108,0.00664777645623467,1,0.652756238545044,NA,"PH",200
0.575370756910411,-0.117776423649534,0.0138712859676746,1,0.688817980022198,NA,"nonPH",1
0.327653816163917,-0.365493364396028,0.133585399417528,0,0.673034148894413,NA,"nonPH",2
0.2761098435285,-0.417037337031445,0.173920140478279,0,0.657399836467702,NA,"nonPH",3
0.427072830905648,-0.266074349654297,0.0707955595439571,0,0.64719723183391,NA,"nonPH",4
0.332417257138611,-0.360729923421335,0.130126077651562,0,0.631098770329234,NA,"nonPH",5
0.388684138054923,-0.304463042505022,0.0926977442514149,0,0.723244968090329,NA,"nonPH",6
0.431608200865111,-0.261538979694834,0.068402637899815,0,0.652760429677742,NA,"nonPH",7
0.63212990188153,-0.0610172786784158,0.00372310829731945,1,0.642057569296375,NA,"nonPH",8
0.398612353638108,-0.294534826921838,0.0867507642698768,0,0.643165856293895,NA,"nonPH",9
0.395723344448765,-0.29742383611118,0.0884609382870904,0,0.684042257436753,NA,"nonPH",10
0.486979892803583,-0.206167287756362,0.0425049505408146,0,0.703520142330665,NA,"nonPH",11
0.386366037049868,-0.306781143510077,0.0941146700133504,0,0.64345691771089,NA,"nonPH",12
0.345289685727903,-0.347857494832042,0.121004836710824,0,0.661739344666174,NA,"nonPH",13
0.574170840775615,-0.118976339784331,0.0141553694284765,1,0.640683672148129,NA,"nonPH",14
0.373619631858712,-0.319527548701233,0.102097854379019,0,0.634191862635312,NA,"nonPH",15
0.446282924592219,-0.246864255967726,0.0609419608744992,0,0.68454965681468,NA,"nonPH",16
0.421550592363257,-0.271596588196688,0.0737647067200814,0,0.660487425460202,NA,"nonPH",17
0.428937479942578,-0.264209700617367,0.0698067659003188,0,0.62899144475238,NA,"nonPH",18
0.429308815514341,-0.263838365045604,0.0696106828699376,0,0.646024464831804,NA,"nonPH",19
0.565336121193361,-0.127811059366584,0.0163356668964085,1,0.667807281686285,NA,"nonPH",20
0.392324665146049,-0.300822515413896,0.0904941857799437,0,0.682615629984051,NA,"nonPH",21
0.506605517133214,-0.186541663426731,0.0347977921940118,0,0.63244993404485,NA,"nonPH",22
0.441670706181654,-0.251476474378291,0.0632404171657354,0,0.692506831583489,NA,"nonPH",23
0.404090158766347,-0.289057021793598,0.0835539618481847,0,0.654867256637168,NA,"nonPH",24
0.422157665684744,-0.270989514875202,0.0734353171722971,0,0.707374170893484,NA,"nonPH",25
0.44136734353532,-0.251779837024625,0.0633930863321467,0,0.630511119781506,NA,"nonPH",26
0.584939180911438,-0.108207999648507,0.0117089711879314,1,0.690363922137589,NA,"nonPH",27
0.429905843407275,-0.26324133715267,0.0692960015859259,0,0.677153558052434,NA,"nonPH",28
0.519836498480383,-0.173310682079562,0.0300365925228831,0,0.681893581727702,NA,"nonPH",29
0.412782140855238,-0.280365039704708,0.0786045554886224,0,0.704485138004246,NA,"nonPH",30
0.247460947534481,-0.445686233025465,0.198636218308429,0,0.619272679532624,NA,"nonPH",31
0.401528004628926,-0.291619175931019,0.0850417437706869,0,0.604202506758417,NA,"nonPH",32
0.462554474179474,-0.230592706380472,0.0531729962358704,0,0.656028880866426,NA,"nonPH",33
0.45656116362773,-0.236586016932215,0.0559729434078503,0,0.635172099384545,NA,"nonPH",34
0.466651997438709,-0.226495183121236,0.0513000679771224,0,0.677840552416824,NA,"nonPH",35
0.372975425009077,-0.320171755550868,0.102509953052525,0,0.652661395019474,NA,"nonPH",36
0.604720993164624,-0.0884261873953212,0.00781919061727245,1,0.638953568004383,NA,"nonPH",37
0.399839547666577,-0.293307632893368,0.0860293675135108,0,0.605676916655072,NA,"nonPH",38
0.460839318010815,-0.23230786254913,0.0539669430021456,0,0.715335689045936,NA,"nonPH",39
0.433790855369927,-0.259356325190019,0.0672657034160708,0,0.636849781234808,NA,"nonPH",40
0.349749273901484,-0.343397906658461,0.117922122297413,0,0.69068633908576,NA,"nonPH",41
0.396861769898966,-0.29628541066098,0.0877850445705453,0,0.6512130674994,NA,"nonPH",42
0.557055297849729,-0.136091882710217,0.0185210005396114,1,0.632366920152091,NA,"nonPH",43
0.638237157946009,-0.0549100226139365,0.00301511058346302,1,0.70480315963817,NA,"nonPH",44
0.462627679618388,-0.230519500941557,0.0531392403143446,0,0.665803444257413,NA,"nonPH",45
0.389250141980797,-0.303897038579148,0.0923534100571761,0,0.627448518332496,NA,"nonPH",46
0.428871740885582,-0.264275439674363,0.0698415080150778,0,0.67095015576324,NA,"nonPH",47
0.36125392807648,-0.331893252483465,0.110153131044053,0,0.711117014211715,NA,"nonPH",48
0.520586014464527,-0.172561166095418,0.0297773560442105,0,0.574601226993865,NA,"nonPH",49
0.490847587382072,-0.202299593177873,0.040925125399933,0,0.649167270094135,NA,"nonPH",50
0.467424299942636,-0.225722880617309,0.0509508188341759,0,0.691068622315348,NA,"nonPH",51
0.652844347277496,-0.0403028332824497,0.00162431837059293,1,0.7066867222754,NA,"nonPH",52
0.507304971977436,-0.185842208582509,0.0345373264908249,0,0.667624128026262,NA,"nonPH",53
0.430056112191164,-0.263091068368781,0.0692169102554267,0,0.619871882240698,NA,"nonPH",54
0.388915357342528,-0.304231823217417,0.0925570022581937,0,0.660766961651917,NA,"nonPH",55
0.577929114599873,-0.115218065960073,0.0132752027235797,1,0.6723070573669,NA,"nonPH",56
0.504089259996345,-0.1890579205636,0.0357428973278327,0,0.691720569210867,NA,"nonPH",57
0.452351471119243,-0.240795709440703,0.0579825736850514,0,0.671408839779006,NA,"nonPH",58
0.335326614732922,-0.357820565827023,0.128035557328771,0,0.721208307111391,NA,"nonPH",59
0.547654629629692,-0.145492550930253,0.0211680823761922,1,0.659373560571165,NA,"nonPH",60
0.34568392428254,-0.347463256277405,0.120730714462897,0,0.685275740287965,NA,"nonPH",61
0.326154206093727,-0.366992974466219,0.134683843307563,0,0.670384981635152,NA,"nonPH",62
0.38974418131877,-0.303402999241176,0.0920533799485409,0,0.647349125775522,NA,"nonPH",63
0.458570664005533,-0.234576516554413,0.0550261421188026,0,0.653986648192468,NA,"nonPH",64
0.374017475697038,-0.319129704862907,0.101843768525886,0,0.710545777251886,NA,"nonPH",65
0.369136325531243,-0.324010855028702,0.104983034176431,0,0.62907747196738,NA,"nonPH",66
0.446362649857608,-0.246784530702337,0.0609026045939728,0,0.693272370999347,NA,"nonPH",67
0.472478447792318,-0.220668732767627,0.0486946896212705,0,0.696512867367139,NA,"nonPH",68
0.577554544020019,-0.115592636539926,0.0133616576222514,1,0.67198061471751,NA,"nonPH",69
0.538794950788032,-0.154352229771914,0.0238246108355616,1,0.668759811616955,NA,"nonPH",70
0.339818002861486,-0.353329177698459,0.124841507813069,0,0.674255691768827,NA,"nonPH",71
0.43224254945473,-0.260904631105215,0.0680712265321484,0,0.643932794026136,NA,"nonPH",72
0.506310773291225,-0.18683640726872,0.034907843081083,0,0.654540861437413,NA,"nonPH",73
0.354485394592986,-0.33866178596696,0.114691805274331,0,0.670998375609147,NA,"nonPH",74
0.415505628948696,-0.277641551611249,0.0770848311811019,0,0.668771375953696,NA,"nonPH",75
0.530805043005973,-0.162342137553972,0.0263549696255929,0,0.612181646678345,NA,"nonPH",76
0.423394802232757,-0.269752378327188,0.0727663456131746,0,0.703520770010132,NA,"nonPH",77
0.375688533545543,-0.317458647014403,0.100779992564215,0,0.616175096756973,NA,"nonPH",78
0.437425114193698,-0.255722066366247,0.0653937752266232,0,0.609858772406301,NA,"nonPH",79
0.457381567125259,-0.235765613434686,0.0555854244782338,0,0.70982201713909,NA,"nonPH",80
0.398398361663294,-0.294748818896651,0.0868768662409707,0,0.628306551297899,NA,"nonPH",81
0.34699221919626,-0.346154961363685,0.119823257276694,0,0.648902016180814,NA,"nonPH",82
0.430711746629415,-0.26243543393053,0.0688723569823056,0,0.61101900267823,NA,"nonPH",83
0.489494621915262,-0.203652558644684,0.0414743646425263,0,0.667977223427332,NA,"nonPH",84
0.390175486012443,-0.302971694547502,0.091791847696985,0,0.644109055501461,NA,"nonPH",85
0.458499995048388,-0.234647185511557,0.055059301668495,0,0.655790559711117,NA,"nonPH",86
0.310139196595583,-0.383007983964362,0.146695115780445,0,0.671772151898734,NA,"nonPH",87
0.50695100621684,-0.186196174343105,0.0346690153400081,0,0.601297669491525,NA,"nonPH",88
0.550341270896644,-0.142805909663302,0.020393527834763,0,0.641004480075454,NA,"nonPH",89
0.324053377181718,-0.369093803378227,0.136230235692205,0,0.729132569558101,NA,"nonPH",90
0.535554108351385,-0.15759307220856,0.0248355764081324,0,0.658646616541353,NA,"nonPH",91
0.440528858517259,-0.252618322042686,0.0638160166316622,0,0.632554496801984,NA,"nonPH",92
0.419122993747857,-0.274024186812088,0.0750892549580262,0,0.696556291390728,NA,"nonPH",93
0.495422291510362,-0.197724889049583,0.0390951317496701,0,0.646267304955363,NA,"nonPH",94
0.421681876300214,-0.271465304259731,0.0736934114168284,0,0.719568345323741,NA,"nonPH",95
0.559139307927077,-0.134007872632868,0.017958109927587,1,0.664188508064516,NA,"nonPH",96
0.440797122541345,-0.2523500580186,0.0636805517819908,0,0.70801550581468,NA,"nonPH",97
0.421658695539387,-0.271488485020558,0.0737059974987579,0,0.625032092426187,NA,"nonPH",98
0.360710853530342,-0.332436327029603,0.110513911528933,0,0.685540825176558,NA,"nonPH",99
0.464209885506778,-0.228937295053168,0.0524122850662612,0,0.707924984875983,NA,"nonPH",100
0.353984635329415,-0.33916254523053,0.115031232087252,0,0.594676505468441,NA,"nonPH",101
0.402023386201781,-0.291123794358164,0.0847530636414946,0,0.662631450232331,NA,"nonPH",102
0.323930408040043,-0.369216772519902,0.136321025110013,0,0.697226794985437,NA,"nonPH",103
0.544712224118882,-0.148434956441063,0.0220329362936603,1,0.669678352005782,NA,"nonPH",104
0.524928143194067,-0.168219037365878,0.0282976445323027,0,0.678096212896622,NA,"nonPH",105
0.379682132483245,-0.3134650480767,0.0982603363657278,0,0.725122241310955,NA,"nonPH",106
0.401713625511393,-0.291433555048553,0.0849335170082377,0,0.689514957885565,NA,"nonPH",107
0.525070157634697,-0.168077022925248,0.0282498856354144,0,0.670307728447263,NA,"nonPH",108
0.385385076587541,-0.307762103972404,0.094717512641521,0,0.669543429844098,NA,"nonPH",109
0.431018505879835,-0.26212867468011,0.0687114420895511,0,0.690609170022081,NA,"nonPH",110
0.43533554264957,-0.257811637910375,0.0664668406420304,0,0.697485553646728,NA,"nonPH",111
0.63235728624544,-0.0607898943145055,0.00369541125076875,1,0.670402191507907,NA,"nonPH",112
0.503295183566859,-0.189851996993087,0.0360437807622629,0,0.597917450759001,NA,"nonPH",113
0.310646050524258,-0.382501130035687,0.146307114478578,0,0.678327526132404,NA,"nonPH",114
0.502799987170886,-0.190347193389059,0.036232054031092,0,0.681056788778428,NA,"nonPH",115
0.310775066031416,-0.382372114528529,0.146208433969019,0,0.651469627694317,NA,"nonPH",116
0.323024778732379,-0.370122401827566,0.136990592334606,0,0.689452407203234,NA,"nonPH",117
0.414661048626366,-0.27848613193358,0.0775545256793271,0,0.630188192833204,NA,"nonPH",118
0.466171879693956,-0.226975300865989,0.0515177872032062,0,0.65586919635971,NA,"nonPH",119
0.439567896394556,-0.25357928416539,0.0643024533578315,0,0.658484238765929,NA,"nonPH",120
0.49837738643546,-0.194769794124485,0.0379352727032942,0,0.693723946271422,NA,"nonPH",121
0.511219096972947,-0.181928083586998,0.0330978275976378,0,0.636641610396229,NA,"nonPH",122
0.428974049362352,-0.264173131197593,0.0697874432467406,0,0.659029649595687,NA,"nonPH",123
0.39494803822583,-0.298199142334115,0.0889227284888018,0,0.660958022147824,NA,"nonPH",124
0.608388570709772,-0.0847586098501734,0.0071840219437339,1,0.63787546731984,NA,"nonPH",125
0.448135352039113,-0.245011828520832,0.0600307961151215,0,0.691394658753709,NA,"nonPH",126
0.505783317767876,-0.187363862792069,0.0351052170803654,0,0.686038653872145,NA,"nonPH",127
0.336567571266289,-0.356579609293656,0.127149017764017,0,0.651723685935247,NA,"nonPH",128
0.407546126263804,-0.285601054296141,0.0815679622150672,0,0.656831537708129,NA,"nonPH",129
0.388707367718465,-0.30443981284148,0.0926835996429556,0,0.675853658536585,NA,"nonPH",130
0.341585115896417,-0.351562064663528,0.123595885310483,0,0.663467306538692,NA,"nonPH",131
0.410353250357452,-0.282793930202493,0.0799724069593725,0,0.635226297068564,NA,"nonPH",132
0.404518338277306,-0.288628842282639,0.0833066085974164,0,0.568206229860365,NA,"nonPH",133
0.51776814932073,-0.175379031239216,0.0307578045984058,0,0.635571054925894,NA,"nonPH",134
0.514847012840757,-0.178300167719188,0.0317909498086906,0,0.64140599806514,NA,"nonPH",135
0.434015800676074,-0.259131379883872,0.0671490720405195,0,0.649472891566265,NA,"nonPH",136
0.537910197762883,-0.155236982797062,0.0240985208279354,0,0.616283756549778,NA,"nonPH",137
0.368655543269601,-0.324491637290344,0.105294822671368,0,0.631816260391715,NA,"nonPH",138
0.342186025912523,-0.350961154647422,0.123173732071452,0,0.611111111111111,NA,"nonPH",139
0.447701269317618,-0.245445911242328,0.0602436953455766,0,0.632062534284147,NA,"nonPH",140
0.532101022441987,-0.161046158117958,0.0259358650445544,0,0.667614405632277,NA,"nonPH",141
0.389779515639991,-0.303367664919954,0.0920319401189856,0,0.668717819917117,NA,"nonPH",142
0.433292439725824,-0.259854740834121,0.0675244863339682,0,0.709114840408029,NA,"nonPH",143
0.47123429382397,-0.221912886735976,0.0492453292994939,0,0.657095667640706,NA,"nonPH",144
0.357637111665471,-0.335510068894475,0.112567006329575,0,0.63271692745377,NA,"nonPH",145
0.429244286675458,-0.263902893884487,0.0696447374006067,0,0.697300944669366,NA,"nonPH",146
0.504501962362337,-0.188645218197608,0.0355870183488231,0,0.660443250503694,NA,"nonPH",147
0.510945067436697,-0.182202113123249,0.033197610026577,0,0.684275947793661,NA,"nonPH",148
0.544133033628421,-0.149014146931524,0.0222052159857298,0,0.611920688007645,NA,"nonPH",149
0.456813527121879,-0.236333653438066,0.0558535957473838,0,0.720731010850942,NA,"nonPH",150
0.484891321218681,-0.208255859341264,0.0433705029499684,0,0.638119227539882,NA,"nonPH",151
0.523992057570248,-0.169155122989697,0.0286134556336597,0,0.655773172398087,NA,"nonPH",152
0.345587863763714,-0.347559316796231,0.120797478691863,0,0.66618152950516,NA,"nonPH",153
0.43167044191232,-0.261476738647625,0.0683700848537986,0,0.646484153129615,NA,"nonPH",154
0.374495429077315,-0.318651751482631,0.101538938722948,0,0.640289597358059,NA,"nonPH",155
0.391186230489109,-0.301960950070836,0.091180415367682,0,0.641056105610561,NA,"nonPH",156
0.424250778187975,-0.26889640237197,0.0723052752085887,0,0.69782201067359,NA,"nonPH",157
0.294363726777002,-0.398783453782943,0.159028243011053,0,0.668787515006002,NA,"nonPH",158
0.612346265289887,-0.0808009152700582,0.00652878790847912,1,0.644801306477953,NA,"nonPH",159
0.421618818215338,-0.271528362344607,0.0737276515575444,0,0.639652489626556,NA,"nonPH",160
0.408267988980137,-0.284879191579808,0.081156153795165,0,0.686090969017798,NA,"nonPH",161
0.46360485787103,-0.229542322688915,0.0526896779054219,0,0.660418661923656,NA,"nonPH",162
0.445880503516176,-0.247266677043769,0.0611408095762678,0,0.612968591691996,NA,"nonPH",163
0.390953144656367,-0.302194035903578,0.091321235335693,0,0.697983083929733,NA,"nonPH",164
0.386454838585354,-0.306692341974592,0.0940601926258599,0,0.695408581579667,NA,"nonPH",165
0.4020937105161,-0.291053470043845,0.0847121224245634,0,0.657096893948769,NA,"nonPH",166
0.379811123969858,-0.313336056590088,0.0981794843594267,0,0.650229837024655,NA,"nonPH",167
0.512216312995958,-0.180930867563987,0.032735978837457,0,0.670365628112107,NA,"nonPH",168
0.402189269795757,-0.290957910764188,0.0846565058362611,0,0.647324613555291,NA,"nonPH",169
0.454497501957333,-0.238649678602612,0.0569536690971301,0,0.650151057401813,NA,"nonPH",170
0.504841179482828,-0.188306001077117,0.0354591500416553,0,0.63082133784928,NA,"nonPH",171
0.51952778187181,-0.173619398688135,0.0301436956008296,0,0.665162454873646,NA,"nonPH",172
0.386731115527413,-0.306416065032532,0.093890804910021,0,0.650258397932817,NA,"nonPH",173
0.438366804551456,-0.254780376008489,0.0649130399990272,0,0.605622381402892,NA,"nonPH",174
0.671246042004313,-0.0219011385556319,0.000479659870032987,1,0.663699176189211,NA,"nonPH",175
0.4668259040294,-0.226321276530545,0.0512213202104156,0,0.652441368704344,NA,"nonPH",176
0.376258071518313,-0.316889109041632,0.100418707429199,0,0.637465498619945,NA,"nonPH",177
0.497540303217141,-0.195606877342804,0.0382620504638028,0,0.628785773826063,NA,"nonPH",178
0.432147901828148,-0.260999278731797,0.0681206234985183,0,0.675735839722978,NA,"nonPH",179
0.407284421656794,-0.285862758903151,0.0817175169277212,0,0.636703619607319,NA,"nonPH",180
0.431710870379481,-0.261436310180465,0.0683489442807761,0,0.647168405365127,NA,"nonPH",181
0.363313958483659,-0.329833222076286,0.108789954385225,0,0.643736235263635,NA,"nonPH",182
0.381921623951214,-0.311225556608731,0.0968613470864143,0,0.687658037326912,NA,"nonPH",183
0.360297562264925,-0.332849618295021,0.110788868399141,0,0.615328253223916,NA,"nonPH",184
0.372688836951595,-0.32045834360835,0.102693549988207,0,0.681370133070478,NA,"nonPH",185
0.591438579323591,-0.101708601236354,0.0103446395654557,1,0.601754145539263,NA,"nonPH",186
0.51694065624086,-0.176206524319085,0.0310487392126123,0,0.659630292188432,NA,"nonPH",187
0.3616077016631,-0.331539478896845,0.109918426067191,0,0.681971798158723,NA,"nonPH",188
0.417389933850517,-0.275757246709429,0.0760420591127647,0,0.65968253968254,NA,"nonPH",189
0.433952905551477,-0.259194275008468,0.0671816721971653,0,0.647341115434501,NA,"nonPH",190
0.350488238824412,-0.342658941735533,0.117415150351316,0,0.663001789823574,NA,"nonPH",191
0.439986148485215,-0.253161032074731,0.0640905081611429,0,0.700250387504471,NA,"nonPH",192
0.616748509319794,-0.0763986712401518,0.00583675696726079,1,0.704422032583398,NA,"nonPH",193
0.23110387212327,-0.462043308436676,0.213484018871109,0,0.712765957446808,NA,"nonPH",194
0.500039199686585,-0.19310798087336,0.0372906922769861,0,0.642703455258828,NA,"nonPH",195
0.562242534907293,-0.130904645652653,0.0171360262534466,1,0.66390423572744,NA,"nonPH",196
0.475184872567126,-0.217962307992819,0.0475075677055564,0,0.67750497677505,NA,"nonPH",197
0.372642218232355,-0.320504962327591,0.10272343087661,0,0.642244139874472,NA,"nonPH",198
0.404663170170021,-0.288484010389924,0.0832230242506539,0,0.697236995719289,NA,"nonPH",199
0.494299724183116,-0.198847456376829,0.0395403109075348,0,0.665967365967366,NA,"nonPH",200
